Category,Keywords
Agriculture,"farmly, livestockport, prodairy, e-soil, bioharvest, organicnet, harvestsoft, netfarm, organicwise, soilsphere, dairyscape, cropsoft, farmify, prolivestock, livestockware, cybertractor, nanoorganic, tractor, farm, crophub, soilify, dairygenix, ultrasoil, cyberdairy, dairy, farmwise, organic, livestockgenix, netharvest, tractorwise, smartfarm, techdairy, cyberharvest, livestocksphere, soiltech, harvestmatic, netsoil, microcrop, harvestgenix, organicware, nanotractor, e-dairy, cropmatic, farmport, hyperharvest, dairytech, tractorly, ultralivestock, nanocrop, hyperdairy, netlivestock, soilbase, nanolivestock, harvestsphere, livestocktech, multicrop, dairyware, tractorware, farmsphere, tractorgenix, tractorhub, harvest, tractorology, ultratractor, harvestbase, soilhub, farmsoft, crop, techcrop, livestockbase, smarttractor, dairyology, farmware, netorganic, cropgenix, cyberfarm, ecoorganic, ecofarm, tractormatic, farmhub, soilscape, hyperfarm, infralivestock, soil, farmmatic, multisoil, ecoharvest, dairyly, livestock, farmgenix, tractorsoft, harvestnet, organicport, organicsoft, croptech, organicscape, autosoil, ecodairy, multidairy, autolivestock"
Fintech,"AIsoft, cyberpeer, AImatic, datanet, dataly, nanoAI, bankmatic, peerly, microdata, blockchainbase, ecobank, blockchaintech, lendware, smartbank, peersoft, nanomobile, banktech, mobile, AIify, autolend, autobank, datascape, banksoft, lendmatic, multiAI, AIly, bank, cyberdata, blockchainhub, ecomobile, infralend, smartcrypto, blockchainsphere, blockchainify, cryptosphere, database, ecodata, bioAI, problockchain, peer, blockchainnet, lendsoft, netpeer, microbank, biomobile, multidata, mobileify, netcrypto, mobilesphere, e-blockchain, bankware, AI, biodata, micromobile, lend, infradata, data, promobile, AIhub, crypto, datawise, micropeer, dataware, hyperdata, microAI, mobilegenix, bankhub, cryptosoft, infracrypto, mobilesoft, cryptogenix, smartdata, techblockchain, netdata, multicrypto, e-lend, multimobile, dataology, nanobank, ultracrypto, hyperAI, datasoft, blockchain, peergenix, multibank, multilend, techdata, lendly, smartpeer, bankbase, biolend, ultraAI, mobilematic, mobilescape, AIport, ultralend, blockchainwise, banknet, datahub, bankly"
Health,"medicinehub, medicine, AIsoft, genomicport, AInet, genomicware, techgenomic, healthology, AImatic, automedicine, genomichub, nanoAI, vaccinescape, AIsphere, infragenomic, vaccinely, infraeHealth, e-health, diagnose, ecomedicine, hypereHealth, ultrahealth, AIify, prodiagnose, ecodiagnose, autodiagnose, healthbase, techAI, AIly, multiAI, cybermedicine, eHealthsoft, eHealthify, eHealthwise, autovaccine, genomicify, techmedicine, smarteHealth, ultragenomic, nanovaccine, multimedicine, vaccinegenix, eHealthport, provaccine, vaccinetech, healthscape, AIwise, microvaccine, healthnet, healthware, e-genomic, medicinesoft, AI, cybereHealth, medicinewise, biohealth, nanomedicine, eHealthly, medicinebase, micromedicine, ecoAI, ultramedicine, techeHealth, e-vaccine, genomicnet, techhealth, nethealth, autoAI, healthport, nanoeHealth, microAI, vaccinenet, e-medicine, inframedicine, multihealth, biovaccine, vaccine, diagnoseify, eHealth, healthtech, healthsphere, genomicology, hyperAI, genomic, smartdiagnose, health, eHealthhub, medicinegenix, ultraAI, cyberdiagnose, healthgenix, diagnosewise, genomicwise, netmedicine, e-AI, proeHealth, microeHealth, smartmedicine, biomedicine, nanogenomic"
Technology & Innovation,"bioVR, robotsphere, VRology, multiAR, machineware, machinematic, IoTly, automationology, machinely, automationnet, ultramachine, innovate, robotbase, cyberautomation, innovatescape, smartautomation, nanoinnovate, cyberrobot, ARgenix, hyperrobot, e-IoT, techmachine, ARly, smartVR, ecoAR, netautomation, microAR, microIoT, innovategenix, techVR, multiautomation, techtech, proVR, robotly, ARware, ARscape, ultrarobot, protech, robotify, autorobot, innovatebase, techware, VRscape, VRmatic, e-tech, ARtech, automation, techify, AR, IoTtech, techsoft, hypertech, autoIoT, IoTware, robotport, tech, autoinnovate, innovatehub, microinnovate, IoTwise, VRport, innovatenet, technet, infraIoT, VRtech, VRsphere, bioAR, innovatesoft, proautomation, smartmachine, VRbase, nanoIoT, nettech, ecomachine, nanomachine, innovateify, IoTify, innovateology, inframachine, VRly, IoT, autotech, netVR, netinnovate, robot, ultratech, IoTscape, machine, techwise, netAR, ecoVR, techscape, machineology, innovately, netrobot, e-machine, VR, ARsoft, bioinnovate, techgenix"
Manufacturing Industry,"e-tool, nanoindustry, smartassembly, micromachine, machinematic, machinenet, factory, nanoassembly, factoryly, assemblytech, infratool, industrynet, manufacturebase, toolbase, toolnet, factoryology, smartfactory, produceology, netpart, nanomanufacture, hypertool, autopart, ultrapart, assemblymatic, hyperfactory, smarttool, assemblynet, cybertool, factorytech, partgenix, tool, partwise, cybermanufacture, multiassembly, micromanufacture, multiproduce, smartproduce, producesoft, manufacturenet, tooltech, industrysoft, manufacturesoft, producebase, part, profactory, cyberproduce, partnet, toolsphere, assemblyology, hypermanufacture, partbase, smartmanufacture, toolsoft, biomachine, manufactureology, machinetech, cyberindustry, producematic, multimanufacture, manufacturely, toolology, factorynet, toolware, producegenix, ecomachine, hyperassembly, assembly, assemblyport, assemblyify, infraassembly, ultratool, manufactureware, inframachine, biopart, factorywise, proassembly, producely, infrapart, produce, cyberfactory, partscape, techindustry, industrysphere, industrymatic, propart, manufacturewise, machine, proproduce, assemblywise, manufacturegenix, microassembly, autofactory, assemblysphere, industry, industrytech, factoryware, manufacturesphere, machinewise, manufacture, autoproduce"
Agrotech,"cropify, procrop, machineware, farmly, techly, e-soil, machinematic, multidigital, cyberirrigate, techhub, soilsphere, profarm, machinesoft, netdigital, cybercrop, farm, digitalport, digitally, ultradata, techmachine, cropology, biocrop, digitalhub, farmwise, farmscape, datatech, datascape, digitalbase, irrigate, smartfarm, machinebase, e-crop, ecoirrigate, microtech, nanodigital, techsoil, hyperdigital, digitalmatic, e-farm, microcrop, croply, soilology, database, ecodata, techology, irrigatescape, netmachine, infratech, techfarm, soilwise, farmology, ultradigital, hyperirrigate, nanoirrigate, biodata, e-data, infradata, data, nanocrop, hypertech, tech, cropware, machinetech, irrigategenix, technet, multicrop, irrigatesphere, machineify, soilsoft, microsoil, irrigatematic, ultrairrigate, ecomachine, ultracrop, datasoft, cybersoil, crop, e-irrigate, farmware, cropgenix, ecofarm, ultratech, soilscape, netirrigate, hyperfarm, machine, soil, farmmatic, machinescape, multisoil, digitalify, machineology, digital, croptech, cybermachine, dataport, autodigital, autofarm, irrigateify, techgenix"
Finance,"bankport, loan, loanly, stockology, techloan, fund, techmoney, creditnet, trade, stocksphere, loanify, invest, ecofund, multimoney, microfund, creditport, techtrade, fundbase, biofund, investtech, banktech, stockport, stock, netfund, tradehub, creditology, loanware, investhub, microstock, creditware, stocktech, tradeport, tradely, bank, loannet, tradescape, moneygenix, investgenix, promoney, credithub, cyberbank, stocksoft, netstock, fundwise, microbank, techbank, moneywise, ultrastock, nanocredit, ultracredit, credittech, ecoinvest, credit, biobank, hyperbank, creditsoft, multifund, netbank, cyberstock, loanbase, creditly, fundhub, profund, stockwise, ecomoney, ultrainvest, multistock, bankhub, e-stock, stockgenix, loanport, tradematic, stocknet, inframoney, stockscape, investsphere, techcredit, biostock, investbase, multibank, infrainvest, hypercredit, e-loan, loanhub, fundgenix, loangenix, bioinvest, tradewise, biomoney, investscape, tradenet, stockhub, money, multiloan, stockify, creditgenix, cyberinvest, moneyify, cybertrade, moneysphere"
Cottage Industry,"handmadebase, weave, smartweave, smartlocal, nanohome, handmadesoft, artisansphere, smallly, small, localwise, craftsoft, weavesoft, loom, bioartisan, microsmall, localsphere, prohome, artisan, weaveport, homeware, localhub, cyberlocal, localport, netweave, localify, smallgenix, craftwise, techweave, artisantech, handmadeology, techsmall, handmadenet, handmadeware, e-home, craftify, weavetech, infraloom, smallmatic, microcraft, homesphere, ultrahome, home, localware, localgenix, ecocraft, homescape, craftbase, microloom, homesoft, e-local, artisannet, smallport, cyberhandmade, e-craft, ultraartisan, prosmall, homewise, prohandmade, handmade, handmadegenix, weaveology, artisanhub, handmadescape, hypersmall, artisanscape, loomport, e-handmade, loomsoft, smartsmall, hyperloom, weavescape, proloom, weaveware, craftmatic, e-artisan, netlocal, artisanify, craft, nanohandmade, autolocal, smallology, microhandmade, handmadely, artisanology, loommatic, cyberartisan, crafttech, biocraft, weavewise, techlocal, local, microlocal, bioloom, cyberloom, handmadeport, smartartisan, artisangenix, techloom, handmadehub, homely"
Education,"onlineology, netcourse, classhub, ecoteacher, learnify, microbook, courseware, schoolbase, studentwise, microclass, ecoonline, smartcourse, infralearn, teachertech, proteacher, classsoft, online, schoolport, classnet, multiteacher, classly, onlinescape, e-student, autoonline, ultrateacher, student, studentport, techclass, cyberschool, coursetech, learn, multischool, ultrastudent, proclass, onlinely, infracourse, nanolearn, e-school, techschool, courseify, teacherology, bookgenix, bioschool, bookbase, bookwise, cyberonline, teacher, techbook, hypercourse, microlearn, onlinesphere, onlinesoft, teacherscape, e-book, e-learn, cyberteacher, booksoft, autoschool, netlearn, prostudent, courseology, learntech, cyberlearn, onlinehub, microteacher, coursematic, infrateacher, smartbook, classwise, netteacher, bookscape, bookify, proschool, bookware, course, schoolmatic, studently, netclass, learngenix, teachernet, schoolnet, learnnet, classtech, biocourse, microonline, ecostudent, infrabook, class, cyberbook, netschool, school, schoolsoft, teachermatic, teachersoft, classport, book, onlinegenix, biolearn, learnly, bookology"
Food Industry,"biocuisine, ecocuisine, prepscape, cuisinenet, hyperrestaurant, ultracook, hypercuisine, nanocuisine, cuisine, techprep, infrachef, prepsphere, cuisinematic, prepgenix, restaurantbase, prorestaurant, restaurantscape, nanochef, cookify, cuisinesphere, cuisinetech, techrestaurant, meal, dishsphere, foodology, ultrafood, restaurantport, chefport, nanoprep, cuisinehub, cookhub, ultrarestaurant, chef, cybermeal, foodtech, ultrachef, techcuisine, mealgenix, cuisinebase, mealbase, mealnet, netfood, netdish, dish, chefify, foodware, netchef, biomeal, e-prep, smartdish, cookly, prepwise, hyperprep, prep, mealify, chefsphere, multidish, chefsoft, autodish, mealology, infrafood, e-food, e-chef, cookwise, bioprep, cookmatic, ecomeal, meally, restauranthub, cook, infrarestaurant, cooksphere, cybercook, microcook, procook, prepology, microprep, dishnet, mealscape, restaurant, biofood, preptech, nanomeal, chefbase, dishhub, ultradish, food, cyberdish, restaurantgenix, cookware, e-cook, ultraprep, cuisinesoft, mealsphere, prephub, autoprep, restaurantnet, ecoprep, preply, restauranttech"
Beverage Industry,"alcoholify, drinkmatic, bottlescape, e-water, ecobottle, multiwater, alcoholwise, coffeely, sodasphere, bottlenet, ultrabottle, coffeesoft, alcoholware, drinkware, infradrink, bottleify, brewsoft, alcoholgenix, soda, microalcohol, autobrew, autoalcohol, water, bottlegenix, ecocoffee, procoffee, sodagenix, smartdrink, teabase, brewnet, teawise, nanobottle, coffeetech, waterology, bottleology, smartalcohol, sodaly, alcoholnet, infraalcohol, hyperbrew, bottlematic, brewware, techbottle, bottlehub, drinkport, drinknet, nettea, sodasoft, protea, smarttea, ultrawater, sodaology, bottlely, cybercoffee, alcoholmatic, alcoholscape, smartbrew, coffeeware, drink, netsoda, teaport, coffeenet, ecobrew, ultradrink, teasphere, drinkwise, bottlesoft, infrabottle, brewgenix, microbottle, nanodrink, watersphere, brewport, brew, multicoffee, cyberwater, bottle, tea, sodaport, waterware, waterly, bottlewise, coffeeify, alcohol, biocoffee, sodascape, teatech, bottletech, bioalcohol, biobottle, netwater, coffeebase, drinksoft, coffee, smartbottle, brewhub, cyberdrink, sodanet, sodamatic, nanowater"
Research Industry,"hyperstudy, testhub, experimentgenix, analyzehub, testbase, testsphere, studysphere, experiment, infratest, researchtech, cyberresearch, analyzeology, nanodiscover, nanostudy, e-science, experimentnet, netscience, researchnet, science, experimentwise, e-test, analyzegenix, hyperlab, studytech, bioexperiment, studyscape, labport, e-analyze, cyberdiscover, nanoresearch, smartanalyze, netexperiment, sciencehub, nanoexperiment, smartscience, testify, e-study, ultralab, autoanalyze, researchwise, smarttest, labscape, hypertest, researchbase, researchscape, ultrascience, discover, techstudy, testmatic, testware, sciencetech, discoverscape, analyzematic, proexperiment, hyperscience, scienceify, bioresearch, testtech, analyze, test, sciencely, study, nanoanalyze, experimentify, ultraresearch, testgenix, research, researchmatic, analyzenet, sciencegenix, microscience, testsoft, labhub, testly, proscience, multitest, lab, hyperexperiment, analyzetech, ecodiscover, microstudy, cyberstudy, infraanalyze, studynet, discoverware, studyhub, analyzescape, sciencesoft, labology, techanalyze, researchly, hyperresearch, proresearch, experimentsphere, smartstudy, cybertest, researchology, discoversphere, microresearch, scienceware"
Construction Industry,"brickhub, brick, cyberbrick, architect, e-brick, techcement, buildwise, ultrabuild, autoconstruction, constructiontech, cranely, designify, constructionport, siteology, nanosite, biobrick, ecobuild, smartarchitect, design, nanoconstruction, craneify, cranegenix, constructionwise, smartcement, constructionhub, cementhub, hypersite, autoarchitect, e-cement, architectmatic, bricksoft, site, netbuild, hypercement, buildhub, cranewise, brickport, smartdesign, sitescape, ecobrick, cementtech, hyperdesign, architecttech, buildscape, infrabrick, buildsoft, buildgenix, sitegenix, cement, cementgenix, microcement, architectly, bricktech, techsite, infraarchitect, architectwise, brickly, architectify, sitetech, buildify, cementology, smartbrick, designly, biocement, sitenet, infracrane, infraconstruction, brickscape, cementsoft, brickwise, siteport, biobuild, sitebase, construction, ultradesign, e-architect, architectbase, designology, sitewise, cranehub, siteware, biodesign, smartsite, autocrane, multisite, craneology, crane, netconstruction, e-design, designwise, techbrick, build, cementnet, ultraarchitect, netdesign, multiarchitect, infracement, siteify, multibuild, architectport"
Climate friendly Startups,"multirecycle, environmentnet, infraclimate, autoeco, climately, recycleport, recyclesoft, multienvironment, recycleware, clean, sustainology, recyclebase, greentech, ecoclimate, techsustain, greensoft, microfriendly, environmentology, environment, green, cleanify, e-environment, environmently, greenify, bioclean, climatesphere, autosustain, eco, recyclely, cleanhub, ecosphere, ecoeco, friendlyology, climatesoft, cleanbase, recyclegenix, friendlynet, hyperclean, ultraenvironment, smartenvironment, sustainify, biofriendly, climatetech, multisustain, recycleology, smartclimate, autoenvironment, bioclimate, ecorecycle, friendly, proclean, friendlybase, techeco, netrecycle, microsustain, nanosustain, environmenttech, cyberrecycle, infraeco, autorecycle, bioeco, sustain, ecoscape, infragreen, ultraclimate, ultrasustain, sustainhub, sustainnet, ecoify, nanorecycle, ecoclean, e-friendly, profriendly, environmentport, sustainsoft, biogreen, climateware, e-sustain, greennet, autoclean, cleanly, recycle, techgreen, recyclewise, ecoenvironment, climategenix, recyclehub, greengenix, recyclematic, climateport, hypereco, microrecycle, friendlysoft, ecogenix, climatehub, techclean, climate, environmentwise, infrasustain, cleanware"
Game Industry,"nanogame, ecoplay, microvideo, videomatic, graphicswise, ultravideo, developerscape, videohub, e-video, mobileport, playwise, netplayer, mobile, playerhub, consolematic, ultradeveloper, consoleify, gamely, netgraphics, prographics, videoscape, playware, play, videoify, e-play, infragame, developerwise, e-mobile, proconsole, graphicshub, ultraconsole, game, developertech, player, graphicssphere, playerscape, graphicsify, hyperplayer, gameify, videogenix, gamesphere, techdeveloper, gameware, autogame, mobilesphere, nanoconsole, netvideo, developermatic, techvideo, cyberdeveloper, playgenix, consolesoft, ecoconsole, consolescape, e-developer, hypervideo, video, netgame, infravideo, console, mobilegenix, consoletech, smartplay, provideo, developerbase, mobilesoft, playersoft, graphicsmatic, developer, gamewise, cyberplay, netdeveloper, multimobile, gametech, smartgraphics, videosoft, developerport, playport, playbase, ecographics, playerology, mobilematic, consoleology, playernet, playly, playerware, multiconsole, playology, hyperplay, biodeveloper, videoology, smartgame, e-graphics, videowise, graphicsscape, graphics, playtech, gamehub, autoplay, techplayer"
